epoch,accuracy,loss,sparse_categorical_crossentropy,val_accuracy,val_loss,val_sparse_categorical_crossentropy
0,0.628125011920929,4.71292781829834,0.5820225477218628,0.731249988079071,4.214264869689941,0.5413216948509216
1,0.8515625,3.708324432373047,0.39712440967559814,0.8062499761581421,3.3914172649383545,0.44856351613998413
2,0.885937511920929,2.959719657897949,0.2990250885486603,0.8374999761581421,2.8001697063446045,0.4250885844230652
