epoch,accuracy,loss,sparse_categorical_crossentropy,val_accuracy,val_loss,val_sparse_categorical_crossentropy
0,0.49791666865348816,1.0052310228347778,0.692862868309021,0.5,0.995859682559967,0.694133460521698
1,0.5333333611488342,0.985090970993042,0.6921218633651733,0.5249999761581421,0.977155864238739,0.6939054131507874
2,0.5291666388511658,0.9671345353126526,0.6918790340423584,0.5333333611488342,0.9601154923439026,0.6937181949615479
